,verified_reviews,feedback
46,"It's like Siri, in fact, Siri answers more accurately then Alexa.  I don't see a real need for it in my household, though it was a good bargain on prime day deals.",0
111,Sound is terrible if u want good music too get a bose,0
141,Not much features.,0
162,"Stopped working after 2 weeks ,didn't follow commands!? Really fun when it was working?",0
176,Sad joke. Worthless.,0
187,"Really disappointed Alexa has to be plug-in to wall socket all the time.  My fault for not checking this, but made the assumption that a company has technologically advanced as Amazon would sell this product with a rechargeable battery.  If I could return it, I would as my Apple music and boom speaker give me more flexibility the Alexa.",0
205,It's got great sound and bass but it doesn't work all of the time. Its still hot or miss when it recognizes things,0
233,"I am not super impressed with Alexa. When my Prime lapsed, she wouldn't play anything. She isn't smart enough to differentiate among spotify accounts so we can't use it for that either. She randomly speaks up when nobody is talking to her. Just today I unplugged her...not sure I'll ever use my Alexa again.",0
299,Too difficult to set up.  It keeps timing out before you can enter the password,0
341,Alexa hardly came on..,0
350,Item no longer works after just 5 months of use. Will not connect to wifi and unresponsive to reset requests.,0
361,This thing barely works. You have to select 3rd party apps to do stuff you'd think it could do out of the box. I'm sending mine back asap. Waste of money.,0
368,I returned 2 Echo Dots & am only getting refund for 1. I returned 2 in one package. I want my refunds for both of them. They are in the same package. Can you not see them both???!!!,0
369,not working,0
373,I'm an Echo fan but this one did not work,0
374, ,0
376,Doesn't always respond when spoken to with promp word. I thought it would connect to my echo upstairs and use it like an intercom haven't been able to do that.,0
381,It worked for a month or so then it stopped. I've tried everything to try and make it work but nothing is working. I want a refund,0
382,Poor quality. Gave it away.,0
388,"Never could get it to work. A techie friend looked at it for me and said the adapter wasn't strong enough to power it and that it looked like it had been bought at a dollar store. So, I am going to replace the adapter and hope it works then.",0
394,"Initially, this echo dot worked very well. Over time, the dot stopped responding to 'alexa' unless you were within one foot of it yelling. The other echos/echo dots in other rooms would respond without a response from this echo dot. Would not recommend buying refurbished.",0
396,"I bought an echo dot that had been refurbished but its stops whatever function its performing quite often, doesn't wake up every time, randomly turns on but does nothing. Do not buy a refurbished Echo dot.",0
398,Dont trust this....,0
406, ,0
418,I wanted to use these as a radio and intercom as we get terrible fm reception where i live.  The speech recognition software is horrible.  My wife and i both are native Americans whose language is English she is from the north i am from Texas  neither have an accent from our birth area and yet it does not do a good job understanding us.  We bought two they do the same thing.  Additionally wifi reception was poor to marginal. I had to buy Wifi range extender for office and the other is ten feet from our router.  Both had problems Switched them around no difference.  So it they are now disconnected dust collectors.,0
420,Item has never worked. Out of box it is broken. Spent several days trying to get it working and running same &#34;fixes&#34; from Amazon. The only thing accomplished is I will never order another refurbished device.,0
424,Great product but returning for new Alexa Dot.  Refurbished is already giving me problems with connection.,0
434,"&#34;NEVER BUY CERTIFIED AND REFURBISHED ECHO DOT &#34; I bought a &#34;Certified and Refurbished &#34; Echo Dot. This unit is very poor in receiving command and sometimes it does not even acknowledge the command. Never buy a refurbished Echo dot. The unit I received was probably never was certified and refurbished as indicated. I also bought a new ECHO dot, it works perfectly.Very disappointed !!!!",0
470,"This item did not work. Certified refurbished should mean it works as advertised. Instead this item crashed as soon as I turned it on and plugged it in. When trying to connect from my phone to the echo dot, it crashed, over and over. Not only would it disconnect but the orange light would freeze and then the thing would reboot with the blue light. Alexa would tell me it‚Äôs ready to connect and freeze mid sentence. Tried holding the action button for 5 seconds and it didn‚Äôt do anything. Returning immediately and hope they actually fix this item when the next buyer purchases it.",0
473,None,0
477,Does not work all the time,0
491,I've already returned it.,0
499,"Now I'm weary about these picking up conversations when you are not actively using them - heard about this happening on the news.  I have 3-4, so this is very concerning.  I wish Amazon would release something widespread  or push some firmware to prevent this.  If they have, I have not heard about it yet.",0
504,"There was something wrong with the first one that no even the rep I spoke with could fix. The replacement was registered to someone else. When the price of the Dot went down to $39.99 (same price as the refurbished ones), I bought a brand, spanking new one. No problem with the new one.",0
521,"Two weeks after setting it up it no longer works.  No connection, no light, no sound.  I guess I shouldn't have purchased a refurbished Dot.",0
524, ,0
526,Not good at all!,0
531,"This is the worst Amazon purchase I have made. I am big Amazon fan...love the brand...unlimited digital music...prime videos...even buy my online games, music, and movies through Amazon. This app I have tried to use it make simple purchases -- to do anything. It is useless.",0
544,The echo dot disconnects from the speaker about 12-20 times a day. Do not buy the refurbished product.  2 stars for effort.,0
549,cant seem to get this thing to sink with my wireless not sure If I will be returning it will try one more time.,0
551,product stopped working after return time ran out,0
558,"Stopped working after 7 months. The warranty was only good for 3 months. I would have assumed an amazon product sold on amazon would have had higher standards than guaranteeing that it would work for 3 whole months. I mean what is this product supposed to be, a piece of junk?They offered my a 15% discount if I wanted to buy another one. Why would I want to buy another one?",0
561,Bought this for my son and it didn‚Äôt work. He had to return it.,0
562,Bought 2 and both quit connecting to wifi and responding to voice within 9 months. Hard and soft reset will not fix the problem.,0
566,The second one which was a refurbished model did work-at least not in my home.,0
567,"Very bad this device, I don‚Äôt know if it‚Äôs because is refurbished or what but it activated by itself , nobody is talking and he just activated and start talking. When you talk you have to yell super lauded",0
576,So far not impressed at all. Does not save groups correctly can not understand me most of the time I'm not sure what the excitement is all about. Alexas voice sounds like it's under water how am I supposed to understand!!!!I'm going to return and try a google home!!!,0
579,"great product, but useless overall. Too many unnecessary features. Unless you have a smart home you don't need it",0
598,I cant figure out how to use it.,0
605,It doesn‚Äôt always  work,0
613,All the new Amazon products I have are great everything I bought refurbished is complete garbage. I will never purchase Amazon refurbished again total dissatisfaction,0
618,Extremely low in volume,0
620,"Brought to replace one that I moved and doesn't have the same range as my previous (non refurbished) unit. It would seldom be able to find the Wi-Fi and couldn't connect. Got tired of hearing the message (&#34;trouble connecting...check the Alexa app...&#34;) and just unplugged it. I went through the troubleshooting and reconnected it several times, it's just not as strong.",0
621,"If you want to listen to music and have it come through several of the Echo/Dot units simultaneously, YOU MUST PAY A MONTHLY FEE. I thought this was Amazon, not Apple??!! I‚Äôve paid for many of these so I could have one in each room, is that not enough of my money??!!??",0
631,Eh. It‚Äôs works on and off. Half the time it does not respond when you say wake up name. Other then that works fine,0
653,"I wanted a white dot for my white bathroom.  The top is black as shown, which I knew, but I did not realize the cord and plug were also black. I wanted a white cord and plug.",0
660,I set up the Echo Dot and it worked for an hour and then died completely. DO NOT BUY refurbished!!!! I sent back for return the day after I received.,0
661,This Echo Dot is horrible. The volume on my phone is louder than than this device. My boss has one at this is not the case,0
668,It's ok. The speaker is pretty terrible. Google home is a better product.,0
671,The first one quit working shortly after I got it. The next one becomes unresponsive to my voice at times and the only way to get it to work is through the app. I am not sure if it just this Dot or they are all this way.,0
673,Device was not working. Followed all instructions for Alexa echo dot and it did not come on. Very upsetting.,0
674,Sent it back due to crackling noise and turning itself off and on - but what can you expect with a refurbished item?,0
741,"It's like Siri, in fact, Siri answers more accurately then Alexa.  I don't see a real need for it in my household, though it was a good bargain on prime day deals.",0
806,Sound is terrible if u want good music too get a bose,0
836,Not much features.,0
857,"Stopped working after 2 weeks ,didn't follow commands!? Really fun when it was working?",0
871,Sad joke. Worthless.,0
882,"Really disappointed Alexa has to be plug-in to wall socket all the time.  My fault for not checking this, but made the assumption that a company has technologically advanced as Amazon would sell this product with a rechargeable battery.  If I could return it, I would as my Apple music and boom speaker give me more flexibility the Alexa.",0
900,It's got great sound and bass but it doesn't work all of the time. Its still hot or miss when it recognizes things,0
928,"I am not super impressed with Alexa. When my Prime lapsed, she wouldn't play anything. She isn't smart enough to differentiate among spotify accounts so we can't use it for that either. She randomly speaks up when nobody is talking to her. Just today I unplugged her...not sure I'll ever use my Alexa again.",0
994,Too difficult to set up.  It keeps timing out before you can enter the password,0
1036,Alexa hardly came on..,0
1059,Honestly I like it but at the same time I don‚Äôt I could have bought a smaller one that did the exact same thing for less then half I bought it for the video chat and I have never really used it,0
1070,It is very slow compared to the echo,0
1094, ,0
1104,"As an Alexa device, it works just as well as any of the other products.  Unfortunately it doesn't go up from there.  The ability to play videos is very limited.  You CAN NOT play YouTube and when you can play a video the cropping of the screen makes it look very strange. There is quite a selection of clock faces, and you can control what is displays with one glaring and VERY ANNOYING exception.  You can't turn off the &#34;Things to try&#34; screen You can turn off the screen scroll, but that defeats the purpose of having the screen.  I don't need to be reminded every 5 seconds what things I can do with Alexa.  I don't need the advertising, especially at the cost of this device.  Overall, its an expensive Alexa device with a screen that's not very useful and annoying.  I would not recommend this until the Amazon people get their act together and come up with a screen that's actually useful.",0
1112, ,0
1118,I returnef this item because it does not speak Spanish,0
1119, ,0
1147,"When we first received this product, it was great.  However, about a week ago, the device served up a video advertisement around 10:30pm at night and scared myself and my family.  If you want to make sure you are protected and don't allow video directly in your home, the spot is not a device that can keep you safe.",0
1150, ,0
1156,After only a couple of days Alexa did not answer. I have disconnected and will see if it does any better after reconnecting.,0
1189,I wanted to use it as a clock in our bedroom.  But the font is too small to see from any distance.  And apparently you can't change it.,0
1200,Meh,0
1209,"This product currently has two related software flaws that make it completely unusable:1) There is a &#34;card&#34; on the homescreen called &#34;Things To Try&#34; -- it's an ad for other Alexa services you can try. You can turn off all the other homescreen cards, but not this one.2) By default, the homescreen cards &#34;cycle&#34; automatically, which is incredibly annoying. There is a setting where you can opt to have the cards only &#34;cycle once&#34; instead of &#34;cycle continuously&#34;, but critically *this setting does not work*. My unit has been set to &#34;cycle once&#34;, and the cards still continue to cycle all the time. Have rebooted the device, re-set, etc etc.Until these two obvious software issues are fixed, in my opinion the product is useless.",0
1225,You need a Harvard law degree to operate this thing! It's going back very soon!,0
1227,product turns on randomly and sometimes at night,0
1236,I would love this but there is no way to stop the screen from constantly scrolling through ‚Äúthings to try‚Äù. If Amazon would make this a setting I would change my review to 5 stars.,0
1240,I haven't figured out how to make or receive calls.  Device tells me I need to register and I do not know what to do.,0
1246,"Great product and I would give 5 stars - but you can't scroll face cards without having the stupid &#34;try and ask Alexa&#34; suggestions pop up.  Yes you can have it scroll once, and just stay on the clock, but I like having other cards as well. God its the worst and SO irritating.  I got it super cheap, so i just face the screen toward the wall and treat it like a Dot instead of a Spot.  What a dumb move on Amazons‚Äã part.",0
1252,"This product is a complete waste of money. When you ask Alexa a question ""she"" either doesn't know the answer, gives you the wrong answer or finds information off of Wikipedia!",0
1253,"Honestly it's no different from the Echo dots I already own,  other then occasionally seeing the lyrics to a song I'm listening too i really don't see the difference.",0
1267,"I switched to google. The amazon helper is more for shopping, and google is the tasks assistant.",0
1277,ALEXA IS NOT AS SMART AS SIRI! CANNOT CANCEL SNOOZE AFTER ALARM GOES OFF. HAVE TO CANCEL PRE-SET ALARM FOR WEEKDAYS.,0
1278,"Great product EXCEPT there is no possible way for it to act as a clock the displays the time PERMANENTLY.  When in 'Clock' mode, the screen rotates between the clock face and a 'Things to Try' screen.  I intended on buying several units for my house, but I do not need a screen in the house that is permanently trying to upset me.  Acting as clock should be a BASIC feature of the Echo Spot.  How could you get this wrong, Amazon??  #FAIL",0
1279,"I wanted to use this as a bedside clock with the ability to play music and podcasts. Sadly, it continuously scrolls the &#34;Things to try&#34; and won't stay on the clock face. Amazon is about to get this one back.",0
1285,Not happy with the Spot.  Reset numerous times.  Seems to be in slow mode.  Have to be practically on top of it for it to hear me.  Even after talking with support I still do not have ‚Äúthemes‚Äù in the menu to choose from!,0
1289,"All is fine with the Spot exact for one massive failing.  In order to turn off a repeating alarm in the morning you pretty much have to talk - which is not a thing you usually want to do when first woken up and your bed partner will definitely not like.  YES, you can manually swipe up on the alarm face to dismiss but i) swiping up rather than touching screen when you are half asleep is very difficult and results in setting snooze more than half the time even if you really try to swipe to dismiss and ii) if you do manage to swipe up to dismiss, then you completely delete your recurring alarm.This is especially annoying as Amazon could so easily fix this by simply making touching the screen turn off the alarm but NOT delete it or at least make it a setting to decide whether touching the screen for a recurring alarm snoozes or turns it off.  But as the clock has been out for a year now and they still haven't adding this setting, clearly not going to happen.  This may be the biggest product design screw up Amazon has ever made.",0
1291,"item returned for repair ,receivded item back from repair 07/23/18 . parts missing no power cord included.please advise",0
1293,"For as awesome as the Echo and Echo Dots are, the Spot is a disappointment. There is very little control over what the screen shows, what the clock looks like, what order things show up in, etc. At this point if I hadn't thrown the box away immediately, I would have sent it back and just got another full size Echo.",0
1300,Product forces user to review Alexa Things to Try. There is no way to disable it.,0
1306,"Can‚Äôt be used as a baby monitor which is why I had purchased it.  I didn‚Äôt realize this until I read the reviews on the Alexa skill for syncing the Nest Cam.  Considering all of the poor reviews and the fact that it should be simple to fix, surprised Amazon hasn‚Äôt upgraded the software to allow more than 39 minutes of viewing or alerts like you get on the Nest app.",0
1309,"I own 3 of these...  amazon is ignoring its customers and using these devices as a marketing tool.  You can customize the screen contents, but you cannot turn off there advertising, Things to Try...  People will suggest that you can, but you can only do so if you turn off all content changes which is not an acceptable option.Moreover, they should increase the size slightly, and improve the audio speaker.  That would give you a 5 star device.Right now i‚Äôm debating whether to return all 3 devices.  My wife says we should.",0
1313,Disconnects often,0
1340,Get rid of the &#34;Thongs To Try&#34; screen!!!!!!!!!! Numb nuts!!!!!,0
1345,The echo works fine but then you get indundated with &#34;Things to try&#34;. I am not a 10 year old that needs stimulus to tell me to do things. I found there is no way to turn this off except for .... turning off the screen. If I cannot find a suitable fix for this it goes back.,0
1348,Can't turn of &#34;things to try&#34; on the screen scroll. This  is a big promotion device for Amazon.  Packing it up and sending it back.  They really want to get in our heads.  Enough already.,0
1350,This thing woke me up in the middle of the night saying ‚Äúready for setup‚Äù. It was already setup. Should be a simple thing to check  time before asking. Wife not happy...,0
1352,"The product is attractive and somewhat useful, BUT, Amazon chose to force users to view their ‚Äúthings to try‚Äù and Trending‚Äù.  This greatly depreciates the value of the product.  Do not buy unless you are willing to view a billboard from Amazon.",0
1364,"It's not as good as Siri, BUT it still has some positives, it's great at playing music, and setting alarms. I personally felt that I paid too much for this product, as it was nearly half off on prime day (literally the day after I purchased it). So I'm pretty disappointed. I might still return it and get my money back. .",0
1378,Fairly useless.,0
1379,Bought the spot and loved it. Within months it started acting funny and would stop working‚Äîcalled and they determined that it was overheating. I was told to unplug and technical support would call within 24-48 hours. Waited 48 hours without response and replied to email and was asked to wait a week. A week goes by with absolutely no response so I do the inline chat per instructions. Told to wait longer. REALLY????  Unacceptable‚Äîexpected more from Amazon. Find it funny how they always thank me for being a Prime member but when an issue arises I cannot even get assistance.,0
1382,For the size of the screen this thing should be $25,0
1386,Invasive and scared the crap out of me for speaking when it was not spoken to! CREAPY AF,0
1389, ,0
1398,"I love the product , but very disappointed once I  realized I can no longer play youtube videos.  I'm now past my 30 days return date.  I am realizing I now have an expensive alarm clock.  I am hoping youtube comes back.  I was looking to buy an echo show for the kitchen during prime day. Glad I didn't.",0
1422,Waste of money over the echo generation 2.  You don‚Äôt really get anything more from a video chat on this device then you would on FaceTime or Skype and it does not cycle through your pictures when you put it on slideshow mode it sticks on the first photo and will not leave it no matter what you do I have even looked online to research articles and cannot find a solution.  I have also had problems with this device shutting down and I have not had these problems on any of the other echo devices.  Price difference is just not worth it,0
1423,No you tube wouldn't have bought it if I known that,0
1447, ,0
1448,"Don't waste your money.  I own an echo gen 1, and echo gen 2 and a dot. They all do a far better job of voice recognition that the Echo Show.  In fact, it is so bad that it is virtually useless.  Also, the speaker is incredibly bass heavy....so much so that it is hard to understand voices.  I've worked to adjust the bass and punch the mids and treble, but it still sounds awful.  Finally, the screen just doesn't add much.  I can't see if from across the room, it rarely activates in any meaningful way, and when it doesn't, it is more of a distraction than a help.(Using FaceTime is so much more practicalthan using the Show.) I'm surprised Amazon didn't make this a little more useful than it is.  Perhaps in the future, but for now, it is a waste of time and money.",0
1450,Thought it would be more powerful and have a lot more functionality. Not much better than the Echo dot. Not worth the money.,0
1473,"Do not understand all the excitement over these alexa devices or the google ones either.  It rarely gets what I say correct, does not control the Dish receiver.  Yes I set it up correctly, using the alexa app on my phone.  We got this for 129,  which is a good deal, ti is definately not worth the 229 price though.  Maybe in another month it will get better, or either I have one that is just deaf and dumb.  Really can not recommend this item at the current time",0
1487,Very disappointed.  Alexa doesn‚Äôt hear me and doesn‚Äôt respond to my requests.,0
1492,I have been through 4 Shows now.  And ALL OF THEM HAVE BEEN BROKEN.  It has been anything from screens that lose lines of resolution to timers and reminders going off an hour late or reminders that trigger when trying to set other reminders.  I don't have these issues on my Dot or my Echo.  Just on the Show.  It would be nice if Amazon could get there act together and actually fix this thing.,0
1503,"Alexa is pretty dumb ,,,",0
1540,Fire HD does so much more.  Over priced pair of speakers.,0
1549,"Very intrusive, so I turn it off",0
1558, ,0
1563,"It's like having another kid in the house; I have to constantly repeat myself.I can tell Alexa to do something clear as day, and according to the history, she hears something comeletely different.The device is really cool, and I like the concept, which is why it gets two stars. However, it just doesn't work as intended.I find myself irritated more often than not when I use this device.",0
1566,The way the music sounds is poor quality,0
1571,All of my echo devices stopped communicating properly with Sonos devices upon connecting the echo show to my account. Asking any echo device to play music on Sonos baffled the system that had previously worked flawlessly. This went on for two weeks until I eventually solved the problem that neither Amazon nor Sonos could figure out.,0
1576,It f****** sucks,0
1587,"Always wanted one,till I got one, it's not at all what it's cracked up to be, it's hard to navigate I actually like the dot better.",0
1593,"Echo Show is said to work with certain apps but,NOT!!! Cozi state works with Echo Show, but the Cozi Family‚Äôs doesn‚Äôt very well, Amazon needs to go back to drawing board, it would be such a needed piece of technology, but it lacks the essential, please fix. Cost of the Echo Show was  marvelous . Got Echo Show to take on shopping list but that is all so far, adding items to list has long lag, and it not my router being slow, my provider speed is !GB, speed not a problem, but before new items is updated on Cozi is very slow. Help is needed to get it updated to A1 working conditioning.",0
1601,"Disappointed that this device Is not able to access youtube as of Dec 2017. I wasn‚Äôt aware of that when I purchased it. I‚Äôve had problems with my device. The voice stops working throughout the day. I can see it trying to respond to me, because the window it opens contains the info I asked about, but it‚Äôs like the device gets stuck in the process. It stops working, and the blue bar just flashes. I keep having to unplug and restart the device. Once I do that, it starts working again. So irritating. This device could really be a great device if Google and Amazon would act like grownups...",0
1602,Returned from repair with No repair done. It has a problem which requires it to be on for a while for the defective part to show itself.I sent it for repair and got it back without being fixed.  The site gives no option to complain from the page.I have a echo spot which works perfectly in the same position.,0
1612,"Great device, features are awesome, the interaction is fantastic. Home automation works perfect if you link up your accounts correctly. My only issue is out of (4) Echo Shows (2) of them have been sent off for repair because of the screen glitching!! These are less than 3 months old and already having issues!First repairs were sent off and they ‚Äúupdated the firmware‚Äù when I got the device back nothing worked, I had to update to the newest firmware for it to work again. Then (2) weeks later the glitch starts up again!I love the show but I‚Äôm getting really frustrated with the glitching.",0
1621,"I bought this product hoping that Alexa would be pretty well developed and far enough along, therefore expecting her to be responsive. This $100 piece of crap doesnt even know how to respond to a question that amazon themselves told me to ask her. (Echo buttons manual, see Step 3.) The device has potential given it has a big screen, decent sound but for 200 bucks, I would never reccomend it. Even for the $100 I spent, I feel like I got shorted. Oh and lastly, the device is pretty useless without a prime membership. I linked my personal account to it and the thing was literally a decorated bluetooth speaker. I went on the family account (this one) and got it to work minimal. Oh, and even with our prime membership, you have to have a music pass or something that's an extra 3.99 a month, leaving this item a subscription nightmare, and a overpriced, decorated bluetooth speaker in my eyes. I would give it zero stars if I could.",0
1625,"Our family bought several of these to help communicate with older parents and grandparents who need simpler devices than a full-fledged tablet.  What fantastic potential these have - for digital photo screen, video calls, easy accesss to music, audio books, etc. However, once we have them setup, we discovered the huge lurking negative.  Amazon forces you to view continous spam on the home screen promoting all their Alexa features.  You can turn off many other things in settins, but you cannot turn off &#34;Things to Try&#34;.  Instead of a beautiful digital photo screen with weather and time ... we now constantly have a spam ad across the home screen that says, &#34;Try ......&#34;.  AMAZON, please listen to your customers and offer a setting to turn off this SPAM!",0
1678,No YouTube,0
1689,"Works fine, I just realize I don‚Äôt need this because I don‚Äôt use it.",0
1716,Need to be able to connect to more 3rd party viceo apps,0
1727,The tech isn‚Äôt there. It doesn‚Äôt understand most common words and is basically a glorified radio,0
1741,The sound on these is terrible. It‚Äôs like a tin can. I love my echo but this item is awful.,0
1744,"This was my 4th echo device, 1st echo show  it seemed to have huge potential, and I really wanted to like it, but soon found out it is quite limited. A bit disappointing, but not the end of the world, I used it like I use my other, screenless echos.... For a little under 2 month, when the screen started flickering, mostly on the bottom of the screen but not just. A quick look in some forums made me understand it is pointless asking for a replacement, as some people had 2-3 devices replaced, only to start flickering again shortly after. Amazon are not providing any serious answers, and this has been going on for quite some time apparently.Long story short, I moved it to the hallway, and been using it as a very expensive... and bulky voice activated light switch for my hue lights. So like the headline suggests... Meh.",0
1764, ,0
1796,Alexa didn‚Äôt know answers to many questions we asked. For example we asked how many cups in a pound and she said a pound is a form of money,0
1814,"I decided to buy smart door lock and decided on getting the Echo Plus to control it.  I chose a Kwikset 888 because Amazon said it was compatible and I bought 2 Dots while I was at it.  And when I posed the question, somebody in the community said it will work with Alexa.  What I didn't know was the Z-wave lock and Zigbee Alexa hub weren't compatible.  Does any body know of a lock that works seamlessly with Echo Plus?  If not, I guess my choices are: 1. Exchange the Plus for a regular Echo and buy a separate hub like Wink.  2. Return the whole Alexa system and get something else.I  don't want to just buy another hub to use along side my Echo Plus or I'll be back here asking how to integrate two hubs.The reason I kept from buying smart systems up to this point  is because I was afraid they wouldn't operate seamlessly and unfortunately I only do enough research after something doesn't work.",0
1885,no habla espanol,0
1894,no it is broke and I can't get help fixing or replacing it,0
1895,"I‚Äôm still unable to connect any devices although it says it has a built in hub. So bought a bridge to connect the devices thinking that everything would sync and my other devices are still not discovered via my echo plus and I was looking forward to this feature. Being able to play music, check the weather etc is fine.",0
1903,Terrible. Stopped working after one day.,0
1906,"It does not speak in Spanish,,,I bought it for my grandmother to have someone to talk to when I‚Äôm not around,,,,,no Spanish!",0
1910,"When I got this Echo I was excited to have a device with better sound than my Dot and a hub to control some Hue bulbs.What I didn't realize and also wasn't fully communicated to me, is that you can't use Hue bulbs to their full potential with this device. You can only turn on and off the lights and set them to a number of preset colors. You also cannot update the bulbs to the newest firmare which is a security concern for me.Do not buy this if you want a full featured hub for your new IoT devices. If you do, you will end up needing to update to a standalone hub, which makes the hub inside this device redundant and pointless.I still love the echo and have zero complaints about the Alexa functionality or sound quality of this device. I'm only disappointed with the hub's functionalities.",0
1918,"I am so disappointed in this product.  I tried to install two different units and neither one of them were successfully completed.  Hours with Amazon technicians.. resetting each of them.  The app didn't connect the Echo Plus to the internet connection.  Tried using the application on a phone, a tablet and on a Chromebook... No luck.  There are no clean directions on the application.  Probably sending this back to Amazon..mark this as Not ready for prime time.",0
1931,The alexa is awesome but when i rcieved the light buld i did not know that u need another adapter to have the light buld to work. I was not aware of that.  Disappointed,0
1935,wish it had a battery or was described better as a plug in only item.,0
1945,"It was harder to setup then I thought it should be, for some reason I had to default  it twice. Had to go thru too many steps to setup and find my devices. Would be nice if it could interact with my Xfinity cable tv cable box and it also does not work with my Xfinity alarm for my house or my cameras, be nice set and disarm the alarm with Alexa. Had to install a skill app to setup bulb ??? whats that about, you ship it with your product ??? should have said (Alexa setup bulb) or (Alexa find new bulb) ??? and (Alexa setup Nest)??? it's fine that you use third party apps but Alexa should do the work for you.",0
1951,The echo part works fine.  The hue hub is a disaster.  It worked for a few months and then nothing.  I spent 2 hours on the phone with tech support one =y to have to send it in for repair.  I am now trying to reconnect my lights.  What a pain.  I am having to reset each light bulb.  It can take up to 5 times to get it to reset.  I have spent hours on this.  I will say customer service was friendly and tried to be helpful.  Stick with the echo and smart plugs for lamps.,0
1953,It was supposed to come with a free Hue lightbulb on Amazon Prime Day.  No light bulb arrived.  False advertising!,0
1956,Haven't had it a week and already it cannot connect to my network. Tried reconnecting manually and the echo never appears in the list of devices to connect. It will be on it's way back to Amazon,0
1974,"I'll be returning it.  It's been nothing but annoying.  The hub can't be turned off if not needed and it interferes with my Hue Bridge.  I can't even install Philips lights with it unless I unplug it to do so.  There are plenty of other reviews that go in depth with the issues.  Bottom line is it sucks as a hub.  It doesn't support z-wave and zigbee (which in fairness I knew in advance), but when the one protocol it does support doesn't do many functions that a dedicated one will, what's the point?  I noticed right away that my Philips Hue Bridge supports firmware upgrades to the light bulbs themselves and this doesn't.  I found that rather interesting.",0
1976,The Echo does not link to Direct tv even though they said it would. I have spent multiple hours on this. Made phone calls and texts. Also is missing free bulb.,0
1979,Doesn't use apple music.  It is worthless to me without it.  Sound quality on it is also poor.,0
1983,"I'm sure the Echo is as cool as everyone says....but I won't get to try this one. Even though I have a Large covered porch.....the package was left on my top step on a day forecast for 100% chance of rain.....and rain it did, soaking the package. I'm not even going to open it and see how bad the damage is. This order has been cursed from the beginning. Ordered as a Birthday Gift and Delivery was not made on scheduled day. Now I get it, and its rain-soaked.",0
1985,I am not tec smart enough to make it work at all. Will send it back if I cant get help. My eco dot works just fine. this is too complacated.I just wanted a bigger speaker.,0
1991,Product does not.  Light bar never went orange.  I googled it and reset instructions actually differ from package instructions. I tried both.  Product is defective,0
1996,"I have been thinking about getting this for a long time and was excited when it arrived bundled with a Philip Hue bulb.  The excited ended quickly.  I spend about a total of 4 hours attempting to add this bulb to my Alexa Echo Plus.  Everything I tried, ended in a Discovery Failed message.  I tried to set this up over and over and over again.  I watched YouTube videos.  I read set up websites.  I was the poster child of insanity (doing the same thing over and over again and expecting different results).The next day I went onto Amazon to get the tech support.  I was hoping something would be done to make this thing work, but also the problem not being operator error.  Well after 3 tech support staff and 1 hr. and 19 mins. of being on the phone, it still didn't work.  This product has tested my patience.  So far this experience is shifting my mindset from going to a smart home to just kicking it old school.The only reason I gave this two stars is because Amazon will be sending me a different Echo Plus and light bulb.  The problem wasn't the bulb, because before packing up the items, I purchased another bulb and still Alexa couldn't locate this device.I pray the next attempt is successful and then I will revise this rating, but what are the odds that I was shipped a defective Echo?  The support person had the same thought.  Maybe I should be exploring the Google device but I can't get over the look of that hub.  It looks like a defuser.I can't believe I didn't find YouTube videos that show the problems I did.  Everything looked simple and seamless...NOT the experience I had.  OK, I'm done with this review because I spend enough wasted time this weekend already.",0
2000,received the wrong product...was so excited to install it ...all excitement gone. Thank you Amazon.,0
2005,"Why do we need to buy a $100 hub to get it to work with Samsung TV's and many other devices?  I want my money back!  This thing won't even turn on my TV unless I buy another hub.  What's the point of having a hub that doesn't support half the devices out there?  DON'T buy this thing unless you want to spend another $100 on another hub.  It won't work with many of your devices.  Just by the Echo or Dot if you must but not this.  Better yet, get a Google device.  They actually understand you when you talk.",0
2008,"I only purchase the echo plus because it has a built in hub and came with the free philips hue bulb.  When I got everything set up, I realized the echo plus hub won‚Äôt allow full functionality of the bulb.  All it does is turn the light on/off and dim.  It will not change colors.  You still have to have a Hue Bridge to have full function of all the features of the bulb.  I wish I‚Äôd bought the bulb and bridge separately to use with the echo I already had since the built in hub on this echo will essentially be useless and I‚Äôll have to buy the hue bridge to get the full benefit of the lights.",0
2009,"At a volume setting of half or less, the speaker sounds like there is something rattling, crackling or vibrating in it.  I'd understand if the volume was set higher.  All speakers get distorted when over-driven.  But this doesn't sound like this is an over-driven case; sounds like more of a rattle/crackle.  Possibly because the bass is too high.  Learned that there is no ability to adjust any of the sound characteristics (other than volume).  I will attempt to exchange it assuming it is just an isolated problem.",0
2013,I bought this for myself and i didn‚Äôt realize it had to be plugged in just to work. It isn‚Äôt convenient to make them always have to connect to a wall. It should‚Äôve been more clear when i bought it.,0
2019, ,0
2021,"I would like to tell you that I have a reason to hate it like the speakers suck, or the color, or the shape or even the way it smells, but I can honestly say the number reason I hate this device is I have tried to set it up 3x's now to no avail, I have 4 other Echo devices already that I set up and use quite regularly, I have reset my phone (Galaxy S8), checked the app for updates, I have cycled power to the Echo unit with each attempt. I work in the network/technology industry for a living and have for over 20 years now, so lack of experience or knowledge is not the problem here. I used the app and the device even tells me it is connected and to follow the app to continue set up, the set up screen just continues to roll the 3 dots around the screen for about 5 minutes before the app locks up on my phone and I have to force the app to close, restart my phone and the Echo and try again. I figured 3x's was enough, it shouldn't be that hard a techie, I can only imagine how bad this will prove to be for people whom have no clue about technology....I hope they won't call me I'll tell em to send the product back!",0
2023,"Unit came with the wrong plug, will have to send back to Amazon.",0
2045,"The sound quality is not that good, especially for the price that you pay for this. I would recommend to get the Echo Dot and buy a better speaker instead. Maybe Sonos and use the Echo dot.",0
2047,"I will be returning this piece of garbage as soon as possible. With my lifetime Amazon spending approaching nearly $40,000, I‚Äôm sure I‚Äôm just a small customer to them, but I‚Äôve rarely been so disappointed out of hundreds if not thousands of Amazon purchases.I have 8+ echos for home automation and bought this Echo Plus specifically for the built-in hub along with approximately $600+ in zigbee light switches. The voice control is subpar even when it works, and that is a rarity. Most often it does nothing. I could not be more disappointed with this product and strongly discourage you from investing in the Amazon/Zigbee ecosystem. If you value your money, and expect a working product then you need to look elsewhere",0
2074,Didn‚Äôt really work as smooth as they make it seem like.,0
2095,"As an echo its great, Good sound quality and functionality. As a smart home hub, it sucks. No automation, no geo-fencing, no music syncing for hue, no z-wave. All it does is turn things on with your voice. Ended up buying a smartthing hub and transferring everything over.",0
2098,"Got this a few months ago with the idea that it will help control my smart bulbs and be useful with answering questions and getting daily weather updates.It‚Äôs far from being useful.Half the time when you ‚Äúwake‚Äù the device to ask a question or initiate a command, it doesn‚Äôt hear what you say and turns off. Basically ignoring you. Often she is unable to answer basic questions.It‚Äôs been so frustrating. Alexa has been more work rather than making my life easier.I would return it but I‚Äôm past the return period...... zzzz",0
2112,It is much more difficult to use than the Chromecast.,0
2113,Fast to load. But keeps rebooting  in middle of shows,0
2150,I just think that it's to darn confusing. And there are parts that i would try and just wouldn't work. I just don't like it. Not what i thought it would be.,0
2152,I will never buy anything Amazon makes again!This fire stick is not even a year old and it does nothing but restart and freeze up constantly. No warranty from Amazon in this should have been my first clue that it was a horrible device. I will never buy anything built by Amazon again.,0
2162,Was loving it but starting in June Hulu stopped working and crunchyroll doesn‚Äôt work either. Probably will switch to something else soon.,0
2195,"It still doesn‚Äôt work.  I bet if I call and let them know that, they will charge me for the 3rd time.  Ridiculous.",0
2197, ,0
2221, ,0
2244, ,0
2304,"I‚Äôm very unhappy with this Firestick, every time we change programs or channels within a program there is a very long delay. We have 2 Roku‚Äôs That work just fine and are very quick.",0
2305,"Had to return it as Hulu does not work on device.  It kept coming up with errors, and Hulu app not being able to open at times.  It was hit and miss, and at times, Hulu will stop working right in the middle of a show or movie.  Plus fire stick is very slow in opening the apps.",0
2309,The Firestick we were sent doesn‚Äôt work. At all.  Voice remote won‚Äôt even turn on. We did all the troubleshooting steps. Didn‚Äôt work. Contacted Amazon. They sent us a new one - with no remote/no way to control it! We gave up and got a Roku (which works great!),0
2313,"My old amazon fire stick kept crashing when using Sling TV.I bought this one thinking the old one was defective.This one is doing the same thing. When going back into Sling, it starts up where I left off in the program.",0
2314,Ordered 2 on deal day. 1 doesn‚Äôt work and 2 nd just went down after 2 days üòè,0
2328,"I don't like how I cannot load my Hulu account, it is also very slow. I know it is not my Internet connection because I have an Xbox One that works just fine, but my Fire TV Stick takes forever to load anything.",0
2330,"It's constantly buffering, to the point where you can't watch anything without interruption. I purchased on Prime Day plus I used rewards to pay for it, so in the end I paid next to nothing. If I had paid full price for it I might want my money back. We stopped trying to use it and went back to our old streaming device. I know our internet service is not the issue because we do not have this problem with any other devices that we stream from.",0
2349,I don‚Äôt like that it goes into sleep mode after 20-30 minutes of ‚Äúinactivity‚Äù. I shouldn‚Äôt have to ‚Äúwake up‚Äù the fire tv to finish watching a show.,0
2361,"I liked it until on day after a year it no longer worked, would not power up  and go past the firestick  logo on tv. Bought a second one, will not buy a third if this one doesn't last longer....",0
2372,It don‚Äôt show nothing,0
2377,"Very disappointed when we had to mandatory upgrade and when we final got done with the upload, we had lost our local Charlotte NC channels (which are pur news and weather also)  (CBS, NBC, ABC) and 2 days later was Amazon day with discounts on what we had JUST ordered.",0
2383,Garbage...Even trying to watch Amazon Prime Video this piece of garbage looses internet connection half way thru a show. The cheapest Roku works 100 time better. DO not waste your time or money on this piece of garbage.,0
2390,I would not recommend this to anyone. It won't load netflix or if it does on rare occasion it won't run the program all the way thru. It tells you the we are unable to process this title at this time. Try again later.  It is not the Netflix site cause I can stream it just fine on my computer.  Its the Firestick. very disappointing.,0
2397,las pel√≠culas no tiene o no se pueden cambiar a espa√±ol o t√≠tulos en espa√±ol,0
2399,Was excited to try this on my new Element TV.  Unfortunately even though my TV is 5 feet away from my router i get maddening disconnections and buffering.  Thought this little device was supposed to take care of that issue.  It didn‚Äôt!,0
2413,Menu doesn‚Äôt work. Says it can‚Äôt connect to amazon network,0
2414,I would love this remote if i wasnt spending so much money replacing the batteries. Its upsetting that i spent money on such a great device all for the batteries not to last.,0
2418,Purchased to use on the road in my semi. Does not work in that application.,0
2439,"Seems to work ok, but no youtube tv?  Really?  can't believe they would ban an app that so many people want to use.  I really wanted to like it, but when I couldn't install that particular app it became almost useless, almost.  Does most other stuff just fine, but I'll stick with my Roku.",0
2461,"I am quite disappointed by this product.There clearly is a bug: half of the time I ask for a newsflash, two second after it starts, the whole thing stops and reboots for a couple of minutes. Same goes when I ask to play the radio. Also, many times it get confused when I ask to switch of &#34;the lights&#34;...as other items are also named the same, which is not true. Clearly no AI or natural language, very 'beta' stage still for me. Not impressed!",0
2472,Nope. Still a lot to be improved. For most of the things we ask.. It says.. Hmmmm.. I dont know that.,0
2491,"I reached out to Amazon, because the device wanted to sync my phone number but it would not allow because it said my number was already in use.  Customer service couldn't help they basically told me to contact Sprint to assist.  So Echo does the bare minimum without access to my phone for set up, so its kind of pointless to have and pay for.",0
2500,I didn't like that almost everytime i asked Alexa a question she would say i dont know that or i havent learned that.,0
2515,The volume is very low,0
2525, ,0
2541,Cheap and cheap sound.,0
2558,"For the price, the product is nice quality and has a few nice features. So definitely no complaints there. The reason why I only gave it 3 stars is because the echo dot is not what I thought it was going to be so that may just be buyer error. First, I didn‚Äôt know that the product has to be plugged in at all times to work. So I really don‚Äôt like that it‚Äôs not a stand alone device. Also, the speaker is not very loud so if you are buying it as a Bluetooth speaker, don‚Äôt. Lastly, I‚Äôm sure the echo dot can do a lot but I haven‚Äôt quite figured out how to use it fully but it just kind of seems like an unnecessary device to own, plus setting it up was awful. I would definitely save the money and buy the nicer one that is actually ‚ÄúAlexa‚Äù.",0
2571,Used twice not working!!!!!!!,0
2581,This device does not interact with my home filled with Apple devices.  How disappointing!,0
2589,Not all that happy. The speaker isn‚Äôt great and for some reason a lot of times when I play music it will start to make some weird noise and just stop. My son has a google home and it is much better,0
2594,"When you think about it this really doesn‚Äôt do much. Play music, answer stupid questions, finally it was able to hook up to thermostat. I can see why price is dropping like a rock.",0
2611,"This worked well for about 6 months but then stopped connecting to the internet (wifi) and none of the trouble shooting efforts worked.  Amazon customer service couldn't help further and told me warranty was only 3 months, which was very disappointing, so they weren't willing to replace.",0
2613,Ask it to play Motown radio on Pandora and it keeps asking if I want to add a salsa station. Motown isn‚Äôt close to salsa phonetically.,0
2628, ,0
2659,Sound is terrible. Cannot pair with echo to play simultaneously.  Must upgrade to amazon music if you want to play more than one device at a time.,0
2665,I am having real difficulty working with the Echo Dot. Alexi is not very smart. 9 out of 10 questions I have asked I get the &#34;I'm not sure&#34;  Half the time I am still asking the question and Alexi is saying &#34;I'm not sure&#34;. The music is great and works well for that. All in All so far it's been a very frustrating experience.,0
2673,"I was really happy with my original echo so i thought I'd get an echo dot to use in my bedroom. I was really disappointed in the audio quality so I connected an external speaker via bluetooth. The audio was much better but I started having problems with it loosing connection with the wifi, presumably due to interference from the bluetooth. Then  I connected a speaker via the auxiliary jack. when i did that, the auxiliary jack picked up interference from the wifi and I was woken up in the middle of the night by a horrible buzzing sound. im hoping Amazon will take this thing back and give me a good deal on an echo spot which I hope will be a better nightstand device.",0
2688,Weak sound. Compared to the Google Home Mini the sound is bad. Also you need Prime to have a small selection of music and need prime music to play everything. Also if you get two you need prime family music to play music on both. I think it's lame that you need a family plan to use multiple devices.,0
2696,Echo Dot responds to us when we aren't even talking to it. I've unplugged it. It feels like it's &#34;spying&#34; on us.,0
2697,NOT CONNECTED TO MY PHONE PLAYLIST :(,0
2716,The only negative we have on this product is the terrible sound quality.  A massive difference from the Alexa.  Which to us was a big reason we wanted to purchase this.Won‚Äôt be buying another until the speaker and sound quality can improve.,0
2740,I didn‚Äôt order it,0
2745,The product sounded the same as the emoji speaker from five below my sister has ... and even that one has Bluetooth and doesn‚Äôt need to be plugged in. The only good thing about this is that you can speak to it.,0
2812,"I am quite disappointed by this product.There clearly is a bug: half of the time I ask for a newsflash, two second after it starts, the whole thing stops and reboots for a couple of minutes. Same goes when I ask to play the radio. Also, many times it get confused when I ask to switch of &#34;the lights&#34;...as other items are also named the same, which is not true. Clearly no AI or natural language, very 'beta' stage still for me. Not impressed!",0
2823,Nope. Still a lot to be improved. For most of the things we ask.. It says.. Hmmmm.. I dont know that.,0
2842,"I reached out to Amazon, because the device wanted to sync my phone number but it would not allow because it said my number was already in use.  Customer service couldn't help they basically told me to contact Sprint to assist.  So Echo does the bare minimum without access to my phone for set up, so its kind of pointless to have and pay for.",0
2851,I didn't like that almost everytime i asked Alexa a question she would say i dont know that or i havent learned that.,0
2866,The volume is very low,0
2876, ,0
2892,Cheap and cheap sound.,0
2909,"For the price, the product is nice quality and has a few nice features. So definitely no complaints there. The reason why I only gave it 3 stars is because the echo dot is not what I thought it was going to be so that may just be buyer error. First, I didn‚Äôt know that the product has to be plugged in at all times to work. So I really don‚Äôt like that it‚Äôs not a stand alone device. Also, the speaker is not very loud so if you are buying it as a Bluetooth speaker, don‚Äôt. Lastly, I‚Äôm sure the echo dot can do a lot but I haven‚Äôt quite figured out how to use it fully but it just kind of seems like an unnecessary device to own, plus setting it up was awful. I would definitely save the money and buy the nicer one that is actually ‚ÄúAlexa‚Äù.",0
2922,Used twice not working!!!!!!!,0
2932,This device does not interact with my home filled with Apple devices.  How disappointing!,0
2940,Not all that happy. The speaker isn‚Äôt great and for some reason a lot of times when I play music it will start to make some weird noise and just stop. My son has a google home and it is much better,0
2945,"When you think about it this really doesn‚Äôt do much. Play music, answer stupid questions, finally it was able to hook up to thermostat. I can see why price is dropping like a rock.",0
2962,"This worked well for about 6 months but then stopped connecting to the internet (wifi) and none of the trouble shooting efforts worked.  Amazon customer service couldn't help further and told me warranty was only 3 months, which was very disappointing, so they weren't willing to replace.",0
2964,Ask it to play Motown radio on Pandora and it keeps asking if I want to add a salsa station. Motown isn‚Äôt close to salsa phonetically.,0
2979, ,0
3010,Sound is terrible. Cannot pair with echo to play simultaneously.  Must upgrade to amazon music if you want to play more than one device at a time.,0
3016,I am having real difficulty working with the Echo Dot. Alexi is not very smart. 9 out of 10 questions I have asked I get the &#34;I'm not sure&#34;  Half the time I am still asking the question and Alexi is saying &#34;I'm not sure&#34;. The music is great and works well for that. All in All so far it's been a very frustrating experience.,0
3024,"I was really happy with my original echo so i thought I'd get an echo dot to use in my bedroom. I was really disappointed in the audio quality so I connected an external speaker via bluetooth. The audio was much better but I started having problems with it loosing connection with the wifi, presumably due to interference from the bluetooth. Then  I connected a speaker via the auxiliary jack. when i did that, the auxiliary jack picked up interference from the wifi and I was woken up in the middle of the night by a horrible buzzing sound. im hoping Amazon will take this thing back and give me a good deal on an echo spot which I hope will be a better nightstand device.",0
3039,Weak sound. Compared to the Google Home Mini the sound is bad. Also you need Prime to have a small selection of music and need prime music to play everything. Also if you get two you need prime family music to play music on both. I think it's lame that you need a family plan to use multiple devices.,0
3047,Echo Dot responds to us when we aren't even talking to it. I've unplugged it. It feels like it's &#34;spying&#34; on us.,0
3048,NOT CONNECTED TO MY PHONE PLAYLIST :(,0
3067,The only negative we have on this product is the terrible sound quality.  A massive difference from the Alexa.  Which to us was a big reason we wanted to purchase this.Won‚Äôt be buying another until the speaker and sound quality can improve.,0
3091,I didn‚Äôt order it,0
3096,The product sounded the same as the emoji speaker from five below my sister has ... and even that one has Bluetooth and doesn‚Äôt need to be plugged in. The only good thing about this is that you can speak to it.,0
0,Love my Echo!,1
1,Loved it!,1
2,"Sometimes while playing a game, you can answer a question correctly but Alexa says you got it wrong and answers the same as you.  I like being able to turn lights on and off while away from home.",1
3,"I have had a lot of fun with this thing. My 4 yr old learns about dinosaurs, i control the lights and play games like categories. Has nice sound when playing music as well.",1
4,Music,1
5,"I received the echo as a gift. I needed another Bluetooth or something to play music easily accessible, and found this smart speaker. Can‚Äôt wait to see what else it can do.",1
6,"Without having a cellphone, I cannot use many of her features. I have an iPad but do not see that of any use.  It IS a great alarm.  If u r almost deaf, you can hear her alarm in the bedroom from out in the living room, so that is reason enough to keep her.It is fun to ask random questions to hear her response.  She does not seem to be very smartbon politics yet.",1
7,I think this is the 5th one I've purchased. I'm working on getting one in every room of my house. I really like what features they offer specifily playing music on all Echos and controlling the lights throughout my house.,1
8,looks great,1
9,"Love it! I‚Äôve listened to songs I haven‚Äôt heard since childhood! I get the news, weather, information! It‚Äôs great!",1
10,"I sent it to my 85 year old Dad, and he talks to it constantly.",1
11,I love it! Learning knew things with it eveyday! Still figuring out how everything works but so far it's been easy to use and understand. She does make me laugh at times,1
12,"I purchased this for my mother who is having knee problems now, to give her something to do while trying to over come not getting around so fast like she did.She enjoys all the little and big things it can do...Alexa play this song, What time is it and where, and how to cook this and that!",1
13,"Love, Love, Love!!",1
14,Just what I expected....,1
15,"I love it, wife hates it.",1
16,Really happy with this purchase.  Great speaker and easy to set up.,1
17,We have only been using Alexa for a couple of days and are having a lot of fun with our new toy. It like having a new household member! We are trying to learn all the different featues and benefits that come with it.,1
18,We love the size of the 2nd generation echo. Still needs a little improvement on sound,1
19,"I liked the original Echo. This is the same but shorter and with greater fabric/color choices. I miss the volume ring on top, now it's just the plus/minus buttons. Not a big deal but the ring w as comforting. :) Other than that, well I do like the use of a standard USB charger /port instead of the previous round pin. Other than that, I guess it sounds the same, seems to work the same, still answers to Alexa/Echo/Computer. So what's not to like? :)",1
20,Love the Echo and how good the music sounds playing off it. Alexa understands most commands but it is difficult at times for her to find specific playlists or songs on Spotify. She is good with Amazon Music but is lacking in other major programs.,1
21,"We love Alexa! We use her to play music, play radio through iTunes, play podcasts through Anypod, and set reminders. We listen to our flash briefing of news and weather every morning. We rely on our custom lists. We like being able to voice control the volume. We're sure we'll continue to find new uses.Sometimes it's a bit frustrating when Alexa doesn't understand what we're saying.",1
22,"Have only had it set up for a few days. Still adding smart home devices to it. The speaker is great for playing music. I like the size, we have it stationed on the kitchen counter and it‚Äôs not intrusive to look at.",1
23,I love it. It plays my sleep sounds immediately when I ask,1
24,"I got a second unit for the bedroom, I was expecting the sounds to be improved but I didnt really see a difference at all.  Overall, not a big improvement over the 1st generation.",1
25,Amazing product,1
26,"I love my Echo. It's easy to operate, loads of fun.It is everything as advertised. I use it mainly to play my favorite tunes and test Alexa's knowledge.",1
27,Sounds great!! Love them!,1
28,"Fun item to play with and get used to using.  Sometimes has hard time answering the questions you ask, but I think it will be better.",1
29,Just like the other one,1
30,Still learning all the capabilities...but so far pretty pretty pretty good,1
31,I like it,1
32,"She works well. Needs a learning command  for unique, owners and users like. Alexa ‚Äúlearn‚Äù Tasha‚Äôs birthday.  Or Alexa ‚Äúlearn‚Äù my definition of Fine. Etc. other than that she is great",1
33,The speakers sound pretty good for being so small and setup is pretty easy.  I bought two and the reason I only rate it a 3 is I have followed the instructions for synching music to both units.  I know I've done it correctly but they won't sync.  That was my primary motivation for purchasing multiple units.,1
34,This device is awesome!,1
35,I bought this to compare the speaker quality to our first generation speaker and i like the sound better.  I will ship this to my daughter though because I like the fact that my first generation has a chargeable base that we bought which keeps it more mobile and she needs a better sound than what she has now.,1
36,"Love my Echo. Still learning all the things it will do. Wasn‚Äôt able to follow instructions included in the package, but found a great one on U-Tube.",1
37,Speaker is better than 1st generation Echo,1
38,"This thing is way cool!  You should get one.  If you want to be cool, that is.",1
39,"This is my first digital assistant so I'm giving this a good review. Speaker is really good for the cheap price on Prime day. Fun to play with and can be used as an alarm clock (That's what I was going to get in the first place, but I ended up with Echo). If you haven't had a go with one then definitely try it!What I like best is the number of other devices that it can connect with. My purchase came with a Smart Plug for $10 which I connect my lamp to. Alexa, turn of the lights!",1
40,My husband likes being able to use it to listen to music.  I wish we knew all it's capabilities,1
41,"My Android would not allow Alexa to connect. Fortunately, my sister was here with her Apple cell. After an hour+ tech support fixed the glitches. We are up and running.",1
42,So far so good,1
43,Tried to play certain broadway shows like Camelot and it gives ne the group Camelot.,1
44,Great,1
45,Very satisfied with the Echo. Alexa now controls the lights in my family room and my wife can listen to Jimmy Buffet by just asking Alexa.,1
47,Love my Echo. Still learning how every thing works but having tons of fun.,1
48,I love you so much,1
49,No different than Apple. To play a specific list of music you must have an Amazon of Spotify ‚Äúplus/prime/etc‚Äù account.  So you must pay to play ‚Äúyour‚Äù music.  3 stars for that reason.  Everything else is üëçüèª .,1
50,"Excelente, lo unico es que no esta en espa√±ol.",1
51,"I'm still learning how to use it, but so far my Echo is great! The sound is actually much better than I was expecting.",1
52,Works as you‚Äôd expect and then some. Also good sound quality considering price (70.00 on sale) and features.,1
53,The sound from this Echo 2nd Generation is phenomenal!  Not to mention that I just love Alexa!  She is very helpful.,1
54,like google better,1
55,Just had to have it and now lets play and learn how to get the most out of it.,1
56,Works as advertised. Very easy to setup. Still learning what this can do.,1
57,Great sound and easy to set up.,1
58,"Love Alexa, bought others for friends",1
59,Love the echo I purchased it for company for my husband he is 83 and Alexa is great all he has to do is say her name and she tells him a joke and plays his favorite songs,1
60,üòç,1
61,Love being able to listen to music easily. Still learning all the features available,1
62,"Did t really know what I could use this device for. Used it for a few things, but need an overview",1
63,Love this just wish it had a built in hub,1
64,I use it primarily to play music.  It works wonderfully!  Still getting used to some of the many things it will do.  Amazon has sent several tips since I got it. Thanks for all your help!,1
65,How easy if was to set up.,1
66,Fast response which was amazing.  Clear concise answers and sound quality is fantastic.  I am still getting used to Alexia and have not usde Echo to its full extent.,1
67,You‚Äôre all I need...na na nana!,1
68,Does everything as expected and more.,1
69,"I love my Echo!  Works just like they said it would. I don't have a &#34;smart&#34; home, so I cannot speak about that function, but everything else about it is good.",1
70,Great sound in a small package‚Äîeasy to set up and use; fun to own.,1
71,Works and sounds great.,1
72,The sound is amazing and many collections of all music,1
73,Setting up,1
74,She doesn‚Äôt always listen,1
75,It‚Äôs awesome,1
76,"I bought this because it can control fios television. It works well. I‚Äôm hoping over time it will do more to control fios. Then I discovered all the other things Alexa can do. Play music you ask for. Great sound from Alexa. Play games. Play radio stations. Play old time radio programs like the Long Ranger. Alexa has many ‚Äúapps‚Äù you can add to her abilities. The other day I played Madlibs. Great fun. Also Alexa can control household appliances. I just purchased Alexa compatible power strips to control lighting, fans and TV components. I‚Äôm looking forward to implementing this controll. You can also add other Alexa components to have chosen music to play in all rooms where the components are located.",1
77,The speaker has excellent sound and works perfectly!,1
78,I LIKE IT ALL,1
79,I love it. It does everything,1
80,I was a little nervous when I received my new Echo as I'm not really Tech savvy. I found it a bit intimidating at first but it didn't take me to long to figure it out!! I'm very happy with my purchase and now thinking of adding an echo spot!!!,1
81,I like it and still learning how to use it.,1
82,Great technology!! Can't believe the speaker volume and quality is so wonderful. Wish I had bought another one!,1
83,"I purchased an echo dot for my husband for Fathers Day.  He uses it constantly and after hearing the quality of sound of the Echo (2nd Generation), It was a no-brainer.  Best gift ever!",1
84,Works fine!!,1
85, ,1
86,Clear music,1
87,"Fun to use, good sound quality",1
88,The echo works well. I was able to sync it with my other Amazon music devices.,1
89,"Works great, but I don't think Amazon should charge another cent for unlimited music when you 1) Have Prime AND 2) Buy an Echo.",1
90,Already had an Echo Dot. The Echo is even better with fuller sound. Also during setup it now lets phone calls to be made to my contact list which is great!,1
91,The speaker sounds really good,1
92,Good sound works well,1
93,Love it and Alexa. I am not very savvy but support was very helpful and patient.,1
94,"Love it! I was thinking about getting one and when the prime day discount was offered, I could not pass it up! It's fun to ask Alexa to play any song or group and she comes up with a playlist from Amazon Prime Music. You can also connect your iPhone with bluetooth and play music with Pandora or YouTube videos using Alexa as a speaker. I've been having fun asking Alexa different types of questions or for information like weather, news or even the time in other countries. The only downside is if you have limited data on your wifi plan, because Alexa uses burns it up when playing music.",1
95,"We like it all so far, but have a lot to try out yet.",1
96,Love it - am using it strictly for music now and it's great!,1
97,"Love the Echo !!! I love the size, material and speaker quality. I have it hooked up to one light easily and will work on additional lights and thermostat. Next is Echo Dot for bedroom. There is a lot more to do with Echo that you think. Traffic, Weather, Trivia, etc.",1
98,Love it!,1
99,The entire family loves Alexa Echo. She‚Äôs now a part of this family.,1
100,"Great fun getting to know all the functions of this product.  WOW -- family fun and homework help.  Talking with other grandchildren,who also have an Echo, is a HUGE bonus.  Can't wait to learn more and more and more",1
101,Love it!,1
102,"awesome thing, love Alexa",1
103,It worked exactly as expected and the speaker has great sound. It is perfect for my classroom!,1
104,"LOVE, LOVE this new little gadget.  Has  made our lives so much easier.  it's like having our own personal secretary living here in the home.  We hardly need our CD's anymore, since ALEXA plays everything we need.  Going to get the Alexa DOTS soon for more rooms.  Thanks!!",1
105,The speaker is of surprising quality. Happy with the purchase.,1
106,Very easy to set up. Works wonderful and I love it!!,1
107,I'm really impressed with the sound quality when playing music from this device.  The bass sounds almost like it's coming from a bigger speaker so props to Amazon.,1
108,"It‚Äôs still a great product.But the sound quality does seem worse.Don‚Äôt get me wrong. You definitely get used to it within an hour. But it definitely feels like echo gen 1 sound quality was better.Besides that , it‚Äôs great.With the addition of being able to play Just over Bluetooth with no WiFi, it‚Äôs even better.",1
109,The outlet does not work with it. Was disappointed in that.,1
110,"Great device, responsive and helpful",1
112,"i liked the sound . what is troubling is that I paid extra money to have access to a million more songs. Sometimes it doesn't work. Ex. Alexa play Italian songs&#34; .don't have or don&#34; t understand. or play the opera Tosca, response &#34;sorry I don&#34;t have that.",1
113,Easy to set up and use. Too bad it has to be plugged in. Would be nice to take it outside and operate on battery and recharged.,1
114,Still learning all the ways to use it.  It is a real hit with my grandkids who ask it to play music and then dance to it.  (5 and 7 yrs).  Very cute.,1
115,"4.5 out of 5 Stars. I generally like this product. Its great at doing what you ask of it like playing music, setting timers, and making calls. Reason why I didn't rate it 5 out of 5 is that sometimes the connection dies and my Echo stops playing music and shows a red ring. Seems to be a connection issue. Overall, great product.",1
116,"Works great, upgraded from echo dot to full size echo, couldn‚Äôt be happier!",1
117,It's Alexa.... what else can you say,1
118,Upgraded from my lilttle echo dot. Happy with sound,1
119,"Excellent product, set up with ease as well.",1
120,I've had the first gen Echo since it first came out and it has worked well for me. I purchased the 2nd gen during Prime Day and so far I'm happy. It seems to have an improved speaker which provides enhanced sound for music and such.,1
121,I love my Echo smart speaker.  I love the volume and clarity.  It was easy to set up.  ITs a wonderful gift for any age.,1
122,wonderful product and fast delivery!,1
123,Initially harder to set up called tech wasn‚Äôt that knowledgeable now working great.,1
124,It was very easy to set up and my family love it‚Äôs!,1
125,Has great sound and is very responsive my voice and commands.,1
126,How did I live this long without the Echo . You get to enjoy any music style  just my asking Alexa . Going to up-greade to the wireless . Love the Echo . Love you too Alexa .,1
127,Very cool product. Speaker sounds good with my Spotify blasting through it.,1
128,Having so much fun with Alexa. Love being able to listen to music when I‚Äôm across the room or busy doing something else.,1
129,"So far it seems to be a very nice item. It picks up on my voice and understands me without any problems. The other day I asked it to turn down the music from the next room and it heard me just fine. I've only used it to listen to music and check the weather, but it has done both of those things very well.",1
130,Love our echo,1
131,"I love it,she is very helpful. I use her for remembering things and sleep. You can ask her just about anything. I have only had her for about a week so still learning her.",1
132,"It's better than the 1st gen in every way except for one.  I really miss the ring at the top for volume control.  It was quicker and easier to just grab the top and twist without having to look at the buttons and find the &#34;-&#34; one and press it a few times.  I also wish the bass was a bit better.  All in all, it's a great device and I'm happy with it.",1
133,I love having an Alexa!,1
134,So far I like it ü§ì,1
135,I am thoroughly enjoying my Ecoo!  Love to have it read my audiobook to me while in the office and then I can simply open the audiobook on my kindle to continue it when elsewhere. Wonderful for listening to music when not in the mood for a book. Great for setting reminders for myself too and so much more.,1
136,Still love it,1
137,Love it,1
138,"I love the sound quality of this unit, it is a very clear sound.",1
139,I just this for listening to talk radio in the morning and turning lights on and off etc. The system does an excellent job as a full house sound system streaming Sirius.,1
140,"I have had for only a week, so I am still learning all that Alexa can do.  It is a learning process.  I love the music I can call up any time.  I listen to podcasts and radio stations.  I have just started keeping shopping lists and grocery lists, which I love.  I don‚Äôt have to search for paper and pencil.  Getting time and temperature are great, do not have to wait for weather reports.  The sound is good.  I am not fussy about woofers, tweeters, base , etc.  the Echo is fine for me.  This afternoon I am going to try ‚Äúdropping in‚Äù.on my son when he gets home.  Going to surprise him.",1
142,"Great sound quality, great features, great product. Multi room music is very cool.",1
143,Cool,1
144,Everyone should have an Echo or two or three or more. I bought my Echo through QVC.,1
145,it's annoying that everything they show Alexa as being able to do has to be downloaded. You spend so  much time trying to figure out how to phrase it for the machine that you may as well just look it up yourself,1
146,I have had Alexa since the beginning.  I accidentally spilled water on her and have replaced it with the 2nd generation.  I decided I couldn't be without an Echo.  Setup was easy and had it working within minutes.,1
147,"I like being able to tell Alexia the music I want to hear, but sometimes she has trouble finding the song if I am not very specific about the title.",1
148,I like the looks better than the original echo.  I moved my old echo to the basement family room. Nice sound.,1
149,The Echo is wonderful but I'm still learning how to use it. Music requests are somewhat limited.,1
150,"Doesn't know half the things asked. Can't recognize my sprinkler wifi controller, even though product details says it is compatible. Can't program or change my wifi thermostat settings and its matched up on same wifi router. Just a handy music player. That's if you have Amazon Music.",1
151,Love it,1
152,awesome.understands my kids,1
153,We were pleasantly surprised at the sound quality and the many features. How nice to easily hear a particular artist or hear our books just by a simple command. Looking forward to exploring other options with this device.,1
154,Met and exceeded my expectations. Easy set up and is really quick in responses.,1
155,"I like the fact that I can get any kind of music from Prime that I want on request from Alexa. I liked the informative photo little pamphlet but wish it included how to connect your TV etc. to the commands from Alexa. BUT, I really love having the music.",1
156,"i have not found a way to access my echo thorough my prime account.  I think it should be part of the top line with video, music, etc.  I also think the setup app where i define, for example music i like, is not well integrated into echo.  I have tried to ask for my playlist and echo is not sure even though i set up play list in my settings.  I also do not like the fact that my words have to be exact match of my playlist names, which i can never remember.I like the ready nature of echo to respond to most any queries.",1
157,This is great item and just added audible books which makes it even better. Thank you!,1
158,"During Prime Day this 2nd gen Echo was on sale so I couldn't resist! This was the beginning to my smart home set up and I couldn't be happier to say that Alexa has done an amazing job connecting to all of my ""smart"" devices. Thanks to her, I can control my lights, smart plugs, TV, etc. I had no trouble connecting the Echo to my WiFi and my phone. The app works perfectly fine and it let's you add skills, routines, smart devices, timers, and so much more! Sound quality is good enough for me, since I am not an audiophile. Alexa can hear my voice even when watching movies at a high volume. Design is great and modern, it will definitely add a nice touch to your home and you can change the covers if you'd like as there are more for sale. Overall, this is a great addition to my home and enables so many possibilities. If you haven't yet, be sure to add Alexa to your home!",1
159,Versatile and fun !!!,1
160,Works great! Killer speaker! My wife and son love it.,1
161,We regret waiting so long to purchase this item. We are both surprised and pleased with the sound quality.,1
163,so far love it working on getting more things set up love the grocery list app,1
164,"It performs pretty much as expected, but I am very disappointed it will not provide me with the terminology I need to play various kinds of music without subscribing to the Amazon music service.  I understand my music choices may be limited, but without knowing HOW TO ASK, I cannot access the music that is provided free along with my Echo purchase.  Do you have a chart showing the language I need to use?",1
165,Easy to set up.,1
166,I like the product except that the speakers are not the high quality I expected,1
167,A great investment. Alexa has helped me out and made me laugh.,1
168,Yet another Exho for our home and love them all!!!,1
169,"I love it, I can plan any gender of music from big band to jazz, not easy to find on local radio. Sound is good and I can stop it with a voice command if I get a phone call.",1
170,Good Value,1
171,Super easy set up and am loving our new Echo!,1
172,Whats not to like about this speaker.  Just ask Alexa,1
173,BEST father's day gift. Dad joked to my mom that Alexa will be the one listening to all of his (repeated) stories going forward.,1
174,Great addition to our breakfast room kitchen.  Tunes and information instantly available.  Slowly learning more features.,1
175,Sound quality,1
177,Entertainment,1
178,Very good quality,1
179,Works great sounds great does not miss a beat wish it had a battery for better portability,1
180,Loved it till someone stoled it. Can't afford to replace it yet but I am going too.,1
181,Alexa rocks,1
182,"Got this as a gift and love it. I never would have bought one for myself, but now that I have it.... Allows me to play music on it from my amozon prime music ; that's worth it in and of itself.  Also, gives new's briefs and tells jokes.",1
183, ,1
184,"My mom bought a few Echo Dots and repeated ask me to take one of hers because it was so great. I told her ‚Äúno‚Äù for two days. When she made me take it, 6 hours later I could not live my life without it!  It‚Äôs that amazing, so now we have four large speakers and only the small Echo Dot, that I will be returning to her. I say if you‚Äôre going to order an Alexa speaker, go big and get the Echo, otherwise tou‚Äôll Be returning the two Echo Dots you couldn‚Äôt live without.",1
185,Love it!! Great product!!!,1
186,Easy set up very user friendly,1
188,I don't think the &#34;2nd gen&#34; sounds as good as the 1st.  But it does have an aux out... so you could add an external speaker.  But if you are going to do that why wouldn't you just get a dot?  2nd issue is (which isn't unique to this unit but I don't understand why I can't override the default that prevents you from playing a blue tooth speaker while playing through a &#34;group&#34;.  I get there is a delay when using a BT speaker.  But if the other units are not where they can be heard then I should be able to play as a group while using the BT speaker.,1
189,Everything,1
190,I like the interaction of asking questions. I don‚Äôt like that I can‚Äôt ask her to setup schedule of off and on of connected lamp.,1
191,Supberb sound! Definitely worth the extra money if you listen to lots of music.,1
192,I really love my amazon echo. I think the sound quality is great and we have a lot of fun with it. It is really handy for music and to get updates on the weather and sports!,1
193,Love it!  So do the grandkids!!,1
194,"So far it has worked well. Not always intuitive as to how to link different devices, or ""skills"", but getting the hang of it.",1
195,Works as advertised,1
196,I love it!,1
197,"Love my new addition to the house! Speaker quality is great and over all we love our Alexa. My only two ( not complaints, more suggestions for the future series) would be better communication ability. Example: For our smart lights in the house. Unless we specify kitchen Light 1 or kitchen Light 2 prior to the command she either won‚Äôt respond or says she doesn‚Äôt recognize. It may be me, but I want my Alexa to respond when I say thank you afterwards. I have to repeat Alexa thank you and there are times she won‚Äôt respond to me, but will my husband. I know it sounds odd. We laugh about it, but maybe it‚Äôs a Southern thing but I want my Alexa to have manners too.",1
198,"Like everything about it. The music, the trivia games, the weather.",1
199,As described and received on time.  Do not like automatic enrolment into music.,1
200,A great device,1
201,I owned an echo for overa year but the new lacks the easy way to increase or decrease volume without telling it to increase or decrease volume which is hard to do for my wife since English is her second language she was born in korea. But the sound from the echo is superb. So we‚Äôll keep it..,1
202,Love this!  Have it in the kitchen and works well!,1
203,Very nice!  I'm impressed - wish she had more to say though.,1
204,Love the product. Nice to have easy access to so much info!!!,1
206,We are still discovering all that the Echo can do.,1
207,Amazing paroduct,1
208,Good hearing range and sound quality. It was a bit complicated to set up and she doesn't quite understand me a lot even when I am speaking slowly and clearly but I love the flash briefing feature and interfacing with my abode home security system.,1
209,speaker sounds good,1
210,Absolutely love!!,1
211,The best part of this product is you can control the thermostat and lights for your house.  There isn‚Äôt anything I dislike.,1
212,We're thoroughly enjoying our Amazon Echo. Installation was easy using the Alexa app. I purchased 2 Kasa smart plugs to control our living room lights. Installation again was easy using the Kasa app. They sinqued right up with the Echo. We're enjoying playing music with the Echo and the sound quality is awesome. We've added a Kasa smart bulb for our kitchen. Setup was seamless. We're looking forward to adding more automation to our home.,1
213,Home entertainment,1
214,"Very cool product. Easy to setup, fun to use and sound quality is much better than I anticipated.",1
215,"Love these,  great sound... easy to connect and use...",1
216,"Doesn't work with my fairly new smart TV, but that's mainly the TV manufacturers(LG) fault due to not supporting anything older than TVs from this year. My smart locks also need an additional piece of equipment in order to connect as well. Speakers sound great and works very well.",1
217,Great sound from a little speaker,1
218,We enjoy it,1
219, ,1
220,Cool,1
221,"Good quality, great sound quality",1
222,Works perfectly,1
223,"Great product. Sometimes Alexa does not understand some commands for my Fire TV. All in all, this is a fabulous speaker.",1
224,Love my Echo great sound very smart!,1
225,Sure did !! Love it !!,1
226,plays great,1
227,Works absolutely great,1
228,Very amazing product. Great sound quality.,1
229,Best thing I've invested in in a while thank you so much üòÅüòÅüòÅüòÅ,1
230,"I am extremely impressed with this item. Bought it from the &#34;warehouse&#34; or &#34;outlet&#34; with a &#34;minor imperfection. Can't tell it even has one. works great. Didn't come in packaging, but it was sealed up and had no damage and wasn't missing anything. I like the sound quality, I see some knock it. It's not a BOSE but it's more than great for our family. Easy to use, minor learning curve as it learns your voice. It integrates seamlessly with my other amazon services.Can't wait to get for my classroom too! It's a lot of fun even just as a speaker, let alone what I plan to do with it.",1
231,"I love my Echo show!  and now i have this in my bedroom and it's wonderful!, music, info, sleeping sounds!",1
232,"Awesome life changer! Seriously, I am able to start my morning with Alexa, by having her &#34;wake&#34;me up with  her alarm and then playing me some music. She has gotten used to my voice, that I can be in another room and she will &#34;listen&#34; to what I say. I love both my echos!!! Don't hesitate, get one and for the price, the speaker is unbelievable. I am buying the cordless holder, so I can take the echo anywhere. Love my purchase and love alexa!!!!",1
234,I like everything about it !!!,1
235,Liked 100%,1
236,Never had ANY issue with buying use electronics as long as I get the GOOD or LIKE NEW. Just read the comment to see why it is used.,1
237,Our family really loves this new Echo,1
238,bought for my wife she loves it,1
239,Fun just got it today now my I pod will go in my car and I will use this is the house.,1
240,Like it to do more,1
241,"This is our third echo. Worth every penny. It's like having 3 household employees for a small flat rate. We keep them in the bedrooms and the living room. We can drop-in and use them as an intercom, listen to music, answer quick questions, alarms to wake up for school, etc.",1
242,Listen music and set timer,1
243,I received the echo in perfect condition. The device was easy to set up and responds quickly and without any issues. Alexa is a great addition to our family!,1
244,Good sound. Like it for music and scheduling. Like that i can get random thoughts recorded while I think about them. The jokes are cute!,1
245,Purchased this for myself and am just beginning to learn all that it can do.  So far am very pleased and amazed at the different actions it can perform.  Am enjoying it and looking forward to learning more about other options it provides.,1
246,"This echo is just as great as my others, even though it is smaller.",1
247,Funny how you buy something just because it looks fun and it winds up being a totally useful part of your home!!!  Loving it!!,1
248,"I bought this to replace a &#34;Dot&#34; in my living room. Speaker is slightly better. It hears me better over the TV. Unfortunately, it doesn't understand or respond to my requests as well as the Dot. I frequently have to request 2 or 3 times to get it to do what I want. The Dot usually does exactly what I want on the first request. I don't consider it an upgrade.",1
249,"I have had all good experience, so far with the second generation Echo. There are so many more things to learn, but I have not had the time yet. Right now, I am mostly enjoying the music, weather updates, using the alarm feature, and her personality. I have also purchased some mini smart socket yes. I am very excited to begin using them",1
250,"I‚Äôm having trouble connecting my tv to it, but I‚Äôm not exactly tech smart. I‚Äôm sure one of my grandsons will figure it out for me. So far I‚Äôve been using it mostly for music.",1
251,Simply love my Echo. I hardly watch any TV at all anymore. I'm too busy listening to music. Speaker is pretty goo for its size. All the fun skills really make the echo fun for my whole family.,1
252,Enjoyed entire echo experience,1
253,Easy to set up.,1
254,"The Echo is an amazing device.  Many times it seems very intuitive.  But at other times I ask for something that seems clear and simple and get no result.  Installation was fairly straightforward, but I messed up several times simply because I thought a step was complete when it wasn't.  This actually made me lose ground until I figured that out.  My advice is to be patient; the app will let you know when you can move on to the next step.My biggest issue of the moment is that we have several Echo devices in our home and I would like to use them as intercoms (which I am told can be done).  However, I can't make any of the Echos aware of the others existence.  When I ask Alexa how to do this she answers about instructions how to change her name.  I know this is likely my fault, but I would think the designers would anticipate this and make it easier to find the needed instructions.  A small deal for many device savvy people, but a challenge for me.",1
255,We are loving Ours very much,1
256,"I have the original Alexa and the Tap and so far the 2nd generation is the best. I'm happy to see they are making improvements with each new one.It would be great to have updates to our little A.I.'s, I think it would help out a lot with the bugs in it. All in all I am very happy with her and I can now play music throughout the whole house and adjust the bass and treble. Thank you",1
257,"Very pleased with the Echo 2nd Generation. It is so nice to have Alexa available for music, weather, news, and probably a lot more we haven‚Äôt discovered.",1
258,"I am pleasantly surprised by the sound quality of the Echo. If you are a big fan of deep bass, this might not be sufficient for you though. The potential to control your home is an option I will explore more as I evolve my home into a ""smart home"". The voice recognition is very impressive. It is stylish and fun. I have no regrets with this purchase. It is great for technically changes people. Ask it to play a song or a movie and it responds instantly. If you have an elderly loved one, this would be a great gift. Once connected to wifi, it is very simple to use.  If you want unlimited music control, be sure to have amazon prime or premium spotify and you will be blown away with your personal dj! You can even have conversations with the echo. I am not embarrassed to say, that echo has made me laugh a couple times when I ask it to tell me a joke. It tells me where my packages are since I am an amazon prime addict, it comes in extremely  handy!",1
259,Easy to setup. Love all the things she does.,1
260,Have Alexa throughout the house----the future has arrived!,1
261,"I already have an Alexa and with Amazon find today I could not resist getting an echo also. It is the best thing I ever did, I use them on each side of the house! And couldn't be happier!",1
262,Arrived as expected.,1
263,"Bought this a few weeks ago -  everything about this product is excellent !!!!! Don't forget to buy a charger when ordering, it's a must have to take outside by the pool and not have to worry about hiring an electrician to put in outlets all over the yard.",1
264,Terrific,1
